Loot Type,Item Name,Points
Tier 14 Weapon,Dagger of Dire Hatred,1.0
Tier 14 Weapon,Bow of Deep Enchantment,1.0
Tier 14 Weapon,Staff of the Fundamental Core,1.0
Tier 14 Weapon,Wand of Retribution,1.0
Tier 14 Weapon,Sword of Majesty,1.0
Tier 14 Weapon,Kusanagi,1.0
Tier 14 Weapon,Soulforged Blades,1.0
Tier 14 Weapon,Longbow of the Midnight Diamond,1.0
Tier 14 Weapon,Spellblade of the Everlasting Death,1.0
Tier 14 Weapon,Morning Star of Reckoning,1.0
Tier 14 Weapon,Gravelord's Flail,1.0
Tier 14 Weapon,Godslayer Tachi,1.0
Tier 7 Ability,Cloak of Nightmares,1.0
Tier 7 Ability,Quiver of the Autumn King,1.0
Tier 7 Ability,Burning Retribution Spell,1.0
Tier 7 Ability,Tome of Hallowed Language,1.0
Tier 7 Ability,Helm of the Tribune,1.0
Tier 7 Ability,Shield of Orcish Regalia,1.0
Tier 7 Ability,Seal of Invocation,1.0
Tier 7 Ability,Necrofish Poison,1.0
Tier 7 Ability,Mindwaster Skull,1.0
Tier 7 Ability,Depthchaser Trap,1.0
Tier 7 Ability,Dimensiongate Orb,1.0
Tier 7 Ability,Prism of Reveries,1.0
Tier 7 Ability,Scepter of the Firmament,1.0
Tier 7 Ability,Dynastic Star,1.0
Tier 7 Ability,Virtuous Wakizashi,1.0
Tier 7 Ability,Nebular Lute,1.0
Tier 7 Ability,Grandmaster Mace,1.0
Tier 7 Ability,Sonic Wave Sheath,1.0
Tier 7 Ability,Sigil of the Rhino,1.0
Tier 14 Armor,Leviathan Armor,1.0
Tier 14 Armor,Robe of the Ancient Intellect,1.0
Tier 14 Armor,Annihilation Armor,1.0
Tier 7 Ring,Ring of Transcendent Health,1.0
Tier 7 Ring,Ring of Transcendent Magic,1.0
Tier 7 Ring,Ring of Transcendent Attack,1.0
Tier 7 Ring,Ring of Transcendent Defense,1.0
Tier 7 Ring,Ring of Transcendent Speed,1.0
Tier 7 Ring,Ring of Transcendent Dexterity,1.0
Tier 7 Ring,Ring of Transcendent Vitality,1.0
Tier 7 Ring,Ring of Transcendent Wisdom,1.0

White or ST,Demon Blade,4.0
White or ST,Volcanic Sheath,4.0
White or ST,Berserker's Breastplate,4.0
White or ST,Demon Blade (shiny),8
White or ST,Volcanic Sheath (shiny),8
White or ST,Staff of Eruption,4.0
White or ST,Scorchium Stone,4.0
White or ST,Molten Mantle,4.0
White or ST,Ring of the Inferno,4.0
Skin,Horned Wyrm Pet Skin,0
Skin,Demon Frog Pet Skin,0

White or ST,Sword of Illumination,6.0
White or ST,Adamantine Helm,6.0
White or ST,Adamantine Helm (shiny),12

White or ST,Arcane Rapier,3.0
UT,Amber Encrusted Helmet,0
UT,Sandstone Seal,0
White or ST,Arcane Rapier (shiny),6
UT,Amber Encrusted Helmet (shiny),0
UT,Sandstone Seal (shiny),0
White or ST,Resplendent Bow,3.0
White or ST,Embellished Quiver,3.0
White or ST,Ornate Armor,3.0
White or ST,Aquamarine Amulet,3.0
Skin,Sand Wanderer Trickster Skin,0

UT,Candy Ring,0
White or ST,Candy-Coated Armor,3.5
White or ST,Bubblegum Bucket,3.5
UT,Candy Ring (shiny),0
White or ST,Candy-Coated Armor (shiny),7
White or ST,Pixie-Enchanted Sword,3.5
White or ST,Seal of the Enchanted Forest,3.5
White or ST,Fairy Plate,3.5
White or ST,Ring of Pure Wishes,3.5
Skin,Mini Desire Troll Pet Skin,0
Skin,Peppermint Snail Pet Skin,0

White or ST,Bottled Medusozoan,5.5
White or ST,Cnidaria Rod,5.5
White or ST,Bottled Medusozoan (shiny),11
White or ST,Cnidaria Rod (shiny),11
Skin,Jellyhead Trickster Skin,0

White or ST,Fungal Breastplate,7.5
White or ST,Crystallized Worm Spellblade,7.5
White or ST,Crystal Shield,7.5
White or ST,Sporous Spray Spell,7.5
White or ST,Tome of the Mushroom Tribes,7.5
White or ST,Cave Dweller Trap,7.5
White or ST,Ring of Decades,7.5
White or ST,Fungal Breastplate (shiny),15
White or ST,Crystal Shield (shiny),15
White or ST,Sporous Spray Spell (shiny),15
White or ST,Tome of the Mushroom Tribes (shiny),15
White or ST,Cave Dweller Trap (shiny),15
White or ST,Ring of Decades (shiny),15
White or ST,Crystalline Sigil,7.5
White or ST,Quartz Cutter,7.5
White or ST,Crystalline Kunai,7.5
White or ST,Luminous Armor,7.5
White or ST,Radiant Heart,7.5

White or ST,Irradiance Sheath,7.5
White or ST,Fractal Blades,7.5
White or ST,Cloak of Refraction,7.5
White or ST,Echoes Prism,7.5
White or ST,Fractured Gemstone Wakizashi,7.5
White or ST,Star of Enlightenment,7.5
White or ST,Crystallised Mist,7.5
White or ST,Fractal Blades (shiny),15
White or ST,Cloak of Refraction (shiny),15
White or ST,Fractured Gemstone Wakizashi (shiny),15
White or ST,Star of Enlightenment (shiny),15
Skin,Crystal Cobra Pet Skin,0

White or ST,Wand of Hidden Knowledge,4.0
White or ST,Necronomicon,4.0
White or ST,Scholar's Seal,4.0
UT,Ronin's Wakizashi,0
White or ST,Corruption Cutter,4.0
White or ST,Wand of Hidden Knowledge (shiny),8.0
White or ST,Necronomicon (shiny),8.0
White or ST,Scholar's Seal (shiny),8
UT,Ronin's Wakizashi (shiny),0
White or ST,Corruption Cutter (shiny),8
White or ST,Deathless Crossbow,4.0
White or ST,Quiver of Shrieking Specters,4.0
White or ST,Wraith's Brigandine,4.0
White or ST,Revenant Ring,4.0
Skin,Cultured Bookwyrm Pet Skin,0
Skin,Enlightened Bookwyrm Pet Skin,0

White or ST,Quartermaster Scabbard,5.0
White or ST,Spirit Dagger,5.0
White or ST,Ghostly Prism,5.0
White or ST,Spectral Cloth Armor,5.0
White or ST,Captain's Ring,5.0
White or ST,Quartermaster Scabbard (shiny),10
White or ST,Spirit Dagger (shiny),10
White or ST,Ghostly Prism (shiny),10
White or ST,Spectral Cloth Armor (shiny),10
Item,Pearl Necklace,0
Item,Golden Chalice,0
Item,Ruby Gemstone,0
Skin,Spirit Pet Skin,0
Skin,Lil' Davy Pet Skin,0

White or ST,Pirate King's Cutlass,5.5
White or ST,Wavecrest Concertina,5.5
White or ST,Pirate King's Cutlass (shiny),11
White or ST,Wavecrest Concertina (shiny),11
White or ST,Swashbuckler's Sickle,5.5
White or ST,Tricorne of the High Seas,5.5
White or ST,Naval Uniform,5.5
White or ST,First Mate's Hook,5.5
Skin,Calamity Crab Pet Skin,0

White or ST,Soul's Guidance,4.5
White or ST,Plague Poison,4.5
White or ST,Resurrected Warrior's Armor,4.5
UT,Amulet of Dispersion,0
White or ST,Soul's Guidance (shiny),9
White or ST,Plague Poison (shiny),9
White or ST,Resurrected Warrior's Armor (shiny),9
UT,Amulet of Dispersion (shiny),0
White or ST,Etherite Dagger,4.5
White or ST,Ghastly Drape,4.5
White or ST,Mantle of Skuld,4.5
White or ST,Spectral Ring of Horrors,4.5
Skin,Werewolf Cub Pet Skin,0

White or ST,B.O.W.,6.5
White or ST,S.T.A.F.F.,6.5
White or ST,Q.U.I.V.E.R.,6.5
White or ST,S.H.E.A.T.H.,6.5
White or ST,E.Y.E.,6.5
White or ST,B.O.W. (shiny),13
White or ST,S.T.A.F.F. (shiny),13
White or ST,Q.U.I.V.E.R. (shiny),13
White or ST,S.H.E.A.T.H. (shiny),13
White or ST,E.Y.E. (shiny),13
White or ST,C.L.A.W.,6.5
White or ST,B.O.O.M.,6.5
White or ST,A.R.M.O.R.,6.5
White or ST,C.O.N.T.R.O.L.L.E.R.,4.0
Skin,Blizzard Pet Skin,0

White or ST,Staff of Esben,7.0
White or ST,Skullish Remains of Esben,7.0
White or ST,Esben's Vows,7.0
White or ST,Ase's Echo,7.0
White or ST,Esben's Wedding Ring,7.0
White or ST,Esben's Twisted Heart,7.0
White or ST,Esben's Shaman Attire,7.0
White or ST,Ase's Echo (shiny),14
White or ST,Esben's Twisted Heart (shiny),14
White or ST,Esben's Shaman Attire (shiny),14
White or ST,Dalvar's Battle Axe,7.0
White or ST,Sunken Buckler,7.0
White or ST,Chainmail Body Armor,7.0
White or ST,Gjallarhorn,7.0
White or ST,Heartsteel Claymore,7.0
White or ST,Symbol of the Lost,7.0
White or ST,Hull of the Tundra,7.0
White or ST,Frozen Heart,7.0
White or ST,Iceborn Arsenal,7.0
White or ST,Sublimation Sidearm,7.0
White or ST,Retainer's Battlesuit,7.0
White or ST,Legacy's Pendant,7.0

White or ST,Overclocking Amulet,8.0
White or ST,Steam Pipe,8.0
White or ST,Kogbold Cower Shield,8.0
White or ST,Chain Dagger,8.0
White or ST,Laser Pointer,8.0
White or ST,Scepter of Rust,8.0
White or ST,Brain Cube,8.0
White or ST,Kogbold Enhancement Core,8
White or ST,Overclocking Amulet (shiny),16
White or ST,Steam Pipe (shiny),16
White or ST,Chain Dagger (shiny),16
White or ST,Laser Pointer (shiny),16
White or ST,Scepter of Rust (shiny),16
White or ST,Brain Cube (shiny),16
White or ST,Kogbold Enhancement Core (shiny),16
Skin,Kogbold Maid Pet Skin,0
White or ST,Kogbold Multitool,9.5
White or ST,Kogbold Multitool (shiny),19

White or ST,Celestial Blade,6.0
White or ST,Leaf Dragon Hide Armor,6.0
White or ST,Water Dragon Silk Robe,6.0
White or ST,Fire Dragon Battle Armor,6.0
White or ST,Midnight Star,6.0
White or ST,Vision of Draconis,6.0
White or ST,Draconic Insignia,6
White or ST,Celestial Blade (shiny),12
White or ST,Leaf Dragon Hide Armor (shiny),12
White or ST,Water Dragon Silk Robe (shiny),12
White or ST,Fire Dragon Battle Armor (shiny),12
White or ST,Midnight Star (shiny),12
White or ST,Vision of Draconis (shiny),12
White or ST,Hailstorm,6.0
White or ST,Thundering Chorus,6.0
White or ST,Wind Dancer Robe,6.0
White or ST,Augur of the Tempest,6.0
White or ST,Earthen Ward,6.0
White or ST,Stonemould Mace,6.0
White or ST,Rocky Robe,6.0
White or ST,Steadfast Glyph,6.0
White or ST,Saif of the Deep,6.0
White or ST,Loch Sheath,6.0
White or ST,Barrier Reef,6.0
White or ST,Alexander's Band,6.0
White or ST,Indomptable,6.0
White or ST,Helm of Draconic Dominance,6.0
White or ST,Zaarvox's Heart,6.0
White or ST,Amulet of Drakefyre,6.0
Skin,Mini Nikao Pet Skin,0

White or ST,Wakizashi of Crossing Fires,6.0
White or ST,Skull of Endless Torment,6.0
White or ST,Igneous Starblossom,6.0
White or ST,Skull of Endless Torment (shiny),12
White or ST,Igneous Starblossom (shiny),12.0
White or ST,Fiery Katana,6.0
White or ST,Pyro Sheath,6.0
White or ST,Flame Guard,6.0
White or ST,Firelight Necklace,6.0

White or ST,Sword of the Colossus,8.0
White or ST,Marble Seal,8.0
White or ST,Breastplate of New Life,8.0
White or ST,Magical Lodestone,8.0
White or ST,Sword of the Colossus (shiny),16
White or ST,Marble Seal (shiny),16
White or ST,Breastplate of New Life (shiny),16.0
White or ST,Carved Golem Remains,8.0
White or ST,Brain of the Golem,8.0
White or ST,Golem Garments,8.0
White or ST,Rusty Cuffs,8.0

White or ST,Burial Blades,7.0
White or ST,Staff of Unholy Sacrifice,7.0
White or ST,Skull of Corrupted Souls,7.0
White or ST,Ritual Robe,7.0
White or ST,Bloodshed Ring,7.0
White or ST,Staff of Unholy Sacrifice (shiny),14
White or ST,Burial Blades (shiny),14
White or ST,Skull of Corrupted Souls (shiny),14
White or ST,Ritual Robe (shiny),14
Item,Vial of Pure Darkness,0
Skin,Mini Malus Sorcerer Skin,0

White or ST,Bow of the Void,8.5
White or ST,Quiver of Shadows,8.5
White or ST,Armor of Nil,8.5
White or ST,Sourcestone,8.5
White or ST,Omnipotence Ring,8.5
White or ST,Bow of the Void (shiny),17
White or ST,Quiver of Shadows (shiny),17
White or ST,Armor of Nil (shiny),17

White or ST,Conducting Wand,4.0
White or ST,Scepter of Fulmination,4.0
White or ST,Robe of the Mad Scientist,4.0
White or ST,Experimental Ring,4.0
White or ST,Conducting Wand (shiny),8
White or ST,Scepter of Fulmination (shiny),8
White or ST,Robe of the Mad Scientist (shiny),8
White or ST,Experimental Ring (shiny),8
White or ST,Abomination's Wrath,4.0
White or ST,Grotesque Scepter,4.0
White or ST,Garment of the Beast,4.0
White or ST,Horrific Claws,4.0
Item,Golden Nut,0
Item,Golden Bolt,0
Skin,Robobuddy Pet Skin,0

White or ST,Spirit Staff,3.0
White or ST,Enchantment Orb,3.0
White or ST,Woodland Robe,3.0
White or ST,Fairy Ring,3.0
White or ST,Shield of Flowing Clarity,3.0
White or ST,Spirit Staff (shiny),6.0
White or ST,Enchantment Orb (shiny),6
White or ST,Fairy Ring (shiny),6.0
White or ST,Woodland Robe (shiny),6
White or ST,Shield of Flowing Clarity (shiny),6
White or ST,Bergenia Bow,3.0
White or ST,Lifebringing Lotus,3.0
White or ST,Hollyhock Hide,3.0
White or ST,Chrysanthemum Corsage,3.0
Skin,Fountain Child Pet Skin,0

White or ST,Bone Dagger,4.0
White or ST,Kyuuketsuki Hitogoroshi,4.0
White or ST,St. Abraham's Wand,4.0
White or ST,Tome of Purification,4.0
White or ST,Chasuble of Holy Light,4.0
White or ST,Ring of Divine Faith,4.0
White or ST,Bone Dagger (shiny),8.0
White or ST,St. Abraham's Wand (shiny),8
White or ST,Tome of Purification (shiny),8
White or ST,Chasuble of Holy Light (shiny),8
White or ST,Ring of Divine Faith (shiny),8.0
White or ST,Soulcursed Scythe,4.0
White or ST,Vampiric Cape,4.0
White or ST,Hallowed Hide,4.0
White or ST,Ruthven's Rosary,4.0
Item,Golden Candelabra,0
Item,Holy Cross,0
Skin,Vampire Lord Skin,0

White or ST,Sage's Wakibiki,9.0
White or ST,Ethereal Happi,9.0
White or ST,Flowering Kimono,9.0
White or ST,Rain Maker,9.0
White or ST,Taiko Drums,9.0
White or ST,Elegant Parasol,9.0
White or ST,Makakoyumi,9.0
White or ST,Tezutsu Hanabi,9.0
White or ST,Kagenohikari,9.0
White or ST,Concentrated Soul Fire,9
White or ST,Makakoyumi (shiny),18
White or ST,Master Fishing Rod,9
UT,Expert Fishing Rod,0
UT,Intermediate Fishing Rod,0
Item,Mysterious Crate,0
Skin,Festival Enjoyer Kensei,0
Skin,Festival Enjoyer Bard,0

White or ST,Wand of the Fallen,6.0
White or ST,Orb of Aether,6.0
White or ST,Jade Storm,6.0
White or ST,Kaiken,6.0
White or ST,Wand of the Fallen (shiny),12
White or ST,Orb of Aether (shiny),12
White or ST,Jade Storm (shiny),12
White or ST,Kaiken (shiny),12
White or ST,Kazekiri,6.0
White or ST,Ryu's Blade,6.0
White or ST,Kamishimo,6.0
White or ST,Akuma's Tear,6.0
Skin,Possessed Lantern Pet Skin,0

White or ST,Coral Bow,5.0
White or ST,Coral Venom Trap,5.0
White or ST,Coral Silk Armor,5.0
White or ST,Coral Ring,5.0
White or ST,Sharktooth Sigil,5
White or ST,Coral Bow (shiny),10
White or ST,Coral Venom Trap (shiny),10
White or ST,Coral Silk Armor (shiny),10
White or ST,Coral Ring (shiny),10.0
White or ST,Tideturner Trident,5.0
White or ST,Slurpian Sea Scroll,5.0
White or ST,Oceanic Apparel,5.0
White or ST,Imperial Keepsake,5.0
Skin,Sea Slurp Skin Unlocker,0

White or ST,Ancient Stone Sword,4.5
White or ST,Spiteful Scutum,4.5
White or ST,Cloak of the Mad God,4.5
White or ST,Ancient Stone Sword (shiny),9
White or ST,Spiteful Scutum (shiny),9
White or ST,Cloak of the Mad God (shiny),9
White or ST,Theurgy Wand,4.5
White or ST,Ceremonial Merlot,4.5
White or ST,Anointed Robe,4.5
White or ST,Ring of Pagan Favor,4.5

White or ST,Tome of Holy Furor,6.0
White or ST,Oryx's Greatsword,6.0
White or ST,Champion's Bastion,6.0
White or ST,Mercy's Bane,6.0
White or ST,Bloodstone Ring,6.0

White or ST,Superior,9.5
White or ST,Genesis Spell,9.5
White or ST,Diplomatic Robe,9.5
White or ST,Chancellor's Cranium,9.5
White or ST,Superior (shiny),19
White or ST,Genesis Spell (shiny),19
White or ST,Diplomatic Robe (shiny),19
White or ST,Chancellor's Cranium (shiny),19
White or ST,Avarice,9.5
White or ST,Gambler's Fate,9.5
White or ST,Turncoat Cape,9.5
White or ST,Collector's Monocle,9.5
White or ST,Avarice (shiny),19
White or ST,Gambler's Fate (shiny),19
White or ST,Turncoat Cape (shiny),19
White or ST,Collector's Monocle (shiny),19
White or ST,Lumiaire,9.5
White or ST,Chaotic Scripture,9.5
White or ST,Vesture of Duality,9.5
White or ST,Divine Coronation,9.5
White or ST,Lumiaire (shiny),19
White or ST,Chaotic Scripture (shiny),19
White or ST,Vesture of Duality (shiny),19
White or ST,Divine Coronation (shiny),19
White or ST,Enforcer,9.5
White or ST,Ballistic Star,9.5
White or ST,Centaur's Shielding,9.5
White or ST,Battalion Banner,9.5
White or ST,Enforcer (shiny),19
White or ST,Ballistic Star (shiny),19
White or ST,Centaur's Shielding (shiny),19
White or ST,Battalion Banner (shiny),19
White or ST,Divinity,9.5
White or ST,Oryx's Escutcheon,9.5
White or ST,Gladiator Guard,9.5
White or ST,Exalted God's Horn,9.5
White or ST,Divinity (shiny),19
White or ST,Oryx's Escutcheon (shiny),19
White or ST,Gladiator Guard (shiny),19
White or ST,Exalted God's Horn (shiny),19
White or ST,Harmonious Harp,9.5
White or ST,Angel's Fanfare,9.5
White or ST,Wings of Sanctity,9.5
White or ST,Heavenly Halo,9.5

White or ST,Maw of Malignance,5.5
White or ST,Recurring Terror Spell,5.5
White or ST,Scepter of Devastation,5.5
White or ST,Tome of Pain,5.5
White or ST,Recurring Terror Spell (shiny),11
White or ST,Scepter of Devastation (shiny),11
White or ST,Tome of Pain (shiny),11
White or ST,Symbiotic Ripper,5.5
White or ST,Parasitic Concoction,5.5
White or ST,Rags of the Host,5.5
White or ST,Hivemind Circlet,5.5

White or ST,Marionette Ravager,4.0
White or ST,Prism of Dancing Swords,4.0
White or ST,Harlequin Armor,4.0
White or ST,Marionette Ravager (shiny),8
White or ST,Prism of Dancing Swords (shiny),8
White or ST,Harlequin Armor (shiny),8
White or ST,Magic Wand,4.0
White or ST,Lightshow Scepter,4.0
White or ST,Magician's Robe,4.0
White or ST,Performer's Hat,4.0
Skin,Puppet Master Skin,0
Skin,Jester Skin,0

White or ST,Thousand Shot,5.5
White or ST,Prism of Dire Instability,5.5
White or ST,Thousand Shot (shiny),11
White or ST,Prism of Dire Instability (shiny),11
Skin,Jaco Pet Skin,0

White or ST,Tlatoani's Shroud,6.5
White or ST,Tezcacoatl's Tail,6.5
White or ST,Sealed Crystal Skull,6.5
White or ST,Penetrating Blast Spell,6.5
White or ST,Tlatoani's Shroud (shiny),13
White or ST,Tezcacoatl's Tail (shiny),13
White or ST,Sealed Crystal Skull (shiny),13
White or ST,Penetrating Blast Spell (shiny),13
White or ST,Reikoku,6.5
White or ST,Daybreak Chakram,6.5
White or ST,Hirejou Tenne,6.5
White or ST,Heavenly Magatama,6.5
Skin,Good Mask Spirit Pet Skin,0
Skin,Evil Mask Spirit Pet Skin,0

UT,Snakeskin Shield,0
White or ST,Wand of the Bulwark,2.5
White or ST,Snake Charmer Pungi,2.5
White or ST,Snakeskin Armor,2.5
White or ST,Snake Eye Ring,2.5
UT,Snakeskin Shield (shiny),0
White or ST,Wand of the Bulwark (shiny),5
White or ST,Snake Charmer Pungi (shiny),5
White or ST,Snakeskin Armor (shiny),5
White or ST,Snake Eye Ring (shiny),5
Skin,Mini Stheno Skin,0
Skin,Mini Flying Stheno Pet Skin,0

White or ST,Tools of the Tarnished,8.0
White or ST,Wretched Rags,8.0
White or ST,Sinister Syringes,8.0
White or ST,Cackling Straitjacket,8.0
White or ST,Command Cornea,8.0
White or ST,Ocular Entrapment,8.0
White or ST,Overwhelming Axehead,8.0
White or ST,Motivational Megaphone,8.0
White or ST,Damnation,8.0
White or ST,Vial of Soul Extract,8
White or ST,Wretched Rags (shiny),16
White or ST,Tools of the Tarnished (shiny),16.0
White or ST,Ocular Entrapment (shiny),16
White or ST,Motivational Megaphone (shiny),16
White or ST,Damnation (shiny),16.0
White or ST,Vial of Soul Extract (shiny),16
Skin,Penitent Frog Pet Skin,0

White or ST,Staff of Extreme Prejudice,2.5
White or ST,Cloak of the Planewalker,2.5
White or ST,Mace of the Celestial Forest,2.5
UT,Sprite Wand,0
White or ST,Staff of Extreme Prejudice (shiny),5
White or ST,Cloak of the Planewalker (shiny),5
White or ST,Mace of the Celestial Forest (shiny),5
UT,Sprite Wand (shiny),0
Skin,Mini Limon Pet Skin,0
Skin,Sprite Star Pet Skin,0

White or ST,Sulfuric Stone,6.0
White or ST,Bogwood Crook,6.0
White or ST,Brambletooth Tachi,6.0
White or ST,Warped Mantle,6.0
White or ST,Thistleleaf Necklace,6.0
White or ST,Bogwood Crook (shiny),12
White or ST,Brambletooth Tachi (shiny),12
White or ST,Warped Mantle (shiny),12
White or ST,Thistleleaf Necklace (shiny),12.0
Skin,Swamped Panda Pet Skin,0
Skin,Bogged Panda Pet Skin,0

White or ST,Silken Sigil,5.5
White or ST,Spider Silk Bow,5.5
White or ST,Doku No Ken,5.5
White or ST,Mace of the Depths,5.5
White or ST,Spider Silk Bow (shiny),11
White or ST,Doku No Ken (shiny),11
White or ST,Mace of the Depths (shiny),11

UT,Blue Beehemoth Armor,0
UT,Red Beehemoth Armor,0
UT,Yellow Beehemoth Armor,0
White or ST,Queen's Stinger,7.0
White or ST,Combcutter Kunai,7.0
White or ST,Swarmlord's Sigil,7
White or ST,Hivemaster Helm,7.0
White or ST,Hivemind Mace,7.0
White or ST,Beekeeper's Flamethrower,7.0
White or ST,Queen's Stinger (shiny),14
White or ST,Hivemaster Helm (shiny),14
White or ST,Beekeeper's Flamethrower (shiny),14
White or ST,Nectar Crossfire,7.0
White or ST,Honeytomb Snare,7.0
White or ST,Apiary Armor,7.0
White or ST,Honey Circlet,7.0
Skin,Killer Bee Queen Pet Skin,0

UT,Green Beehemoth Armor,0
White or ST,Green Beehemoth Quiver,8.5
White or ST,Green Beehemoth Quiver (shiny),17

White or ST,Royal Guard's Cuirass,10.0
White or ST,Valor,10.0
White or ST,Vanguard's Visage,10.0
White or ST,Sentinel's Sidearm,10.0
White or ST,Bracer of the Guardian,10.0
White or ST,Vest of Abandoned Shadows,10.0
White or ST,Dusky Catalyst,10.0
White or ST,Primal Arcana,10.0
White or ST,Polarity Poison,10.0
White or ST,The Twilight Gemstone,10.0
White or ST,Mantle of the Monarchy,10.0
White or ST,Warmonger,10.0
White or ST,Peacekeeper,10.0
White or ST,Noble Mandolin,10.0
White or ST,The Forgotten Crown,10.0
White or ST,The Forgotten Ring,10.0
White or ST,Chrysalis of Eternity,20.0
White or ST,Royal Guard's Cuirass (shiny),20
White or ST,Valor (shiny),20
White or ST,Vanguard's Visage (shiny),20
White or ST,Sentinel's Sidearm (shiny),20
White or ST,Bracer of the Guardian (shiny),20
White or ST,Vest of Abandoned Shadows (shiny),20
White or ST,Dusky Catalyst (shiny),20
White or ST,Primal Arcana (shiny),20
White or ST,Polarity Poison (shiny),20
White or ST,The Twilight Gemstone (shiny),20
White or ST,Warmonger (shiny),20
White or ST,Peacekeeper (shiny),20
White or ST,Noble Mandolin (shiny),20
White or ST,The Forgotten Crown (shiny),20
White or ST,Corruption Tether,10.0
White or ST,Ancient Eminence,10.0
White or ST,Twilight Shroud,10.0
White or ST,Defiled Equilibrium,10.0
White or ST,Archangel's Judgement,10.0
White or ST,Daevite Progenitor,10.0
White or ST,Seraphim's Guard,10.0
White or ST,Flames of Genesis,10.0
White or ST,Fallen One's Blade,10.0
White or ST,Abyssal Insignia,10.0
White or ST,Vortex Plating,10.0
White or ST,Eye of the Void,10.0
Skin,Sentinel Watchdog Skin,0
Skin,Shadow Stormbird Pet Skin,0
Skin,Royal Void Cat Pet Skin,0

White or ST,The Right Hook,5.5
White or ST,Tipsy Topper,5.5
White or ST,Double Vision Darts,5.5
White or ST,Cask Corslet,5.5
White or ST,Brewer's Bangle,5.5
White or ST,The Right Hook (shiny),11
White or ST,Tipsy Topper (shiny),11
White or ST,Double Vision Darts (shiny),11
White or ST,Cask Corslet (shiny),11
White or ST,Brewer's Bangle (shiny),11

White or ST,Shadow Serpent Sidearm,6.0
White or ST,Cloak of Cubic Enigma,6.0
White or ST,Seal of Cubic Conundra,6.0
White or ST,Cloak of Cubic Enigma (shiny),12
White or ST,Seal of Cubic Conundra (shiny),12
White or ST,Squaroid Staff,6.0
White or ST,Cubic Frame,6.0
White or ST,Polygonal Garbs,6.0
White or ST,Cuband,6.0
White or ST,Morning Square,6.0
White or ST,The Triangle,6.0
White or ST,Ring of Cubed Wisdom,6.0
White or ST,Shadow Serpent Sidearm (shiny),12

White or ST,Ring of the Pyramid,6.0
White or ST,Ring of the Sphinx,6.0
White or ST,Ring of the Nile,6.0
White or ST,Tome of Holy Protection,6.0
White or ST,Pharaoh's Requiem,6.0
White or ST,Ring of the Pyramid (shiny),12
White or ST,Ring of the Sphinx (shiny),12.0
White or ST,Ring of the Nile (shiny),12
White or ST,Tome of Holy Protection (shiny),12
White or ST,Pharaoh's Requiem (shiny),12
White or ST,Wand of Geb,6.0
White or ST,Book of Geb,6.0
White or ST,Shendyt of Geb,6.0
White or ST,Geb's Ring of Wisdom,6.0
Skin,Mini Nut Archer Skin,0
Skin,Mini Geb Skin,0
Skin,Bes' Artifact,0
Skin,Nut's Artifact,0
Skin,Geb's Artifact,0
Skin,Tomb Snake Skin Unlocker,0

White or ST,Void Blade,4.0
White or ST,Murky Toxin,4.0
White or ST,Void Blade (shiny),8
White or ST,Murky Toxin (shiny),8
White or ST,Toxin Tooth,4.0
White or ST,Virulent Venom,4.0
White or ST,Acidic Armor,4.0
White or ST,Pernicious Peridot,4.0
Skin,Slurp Knight Skin,0
Skin,Turtle Pet Skin,0

White or ST,Doom Bow,3.5
White or ST,Spectral Sword,3.5
White or ST,Wandering Souls Spell,3.5
White or ST,Ring of Skeletal Specters,3.5
White or ST,Doom Bow (shiny),7
White or ST,Spectral Sword (shiny),7
White or ST,Wandering Souls Spell (shiny),7
White or ST,Ring of Skeletal Specters (shiny),7
White or ST,Edictum Praetoris,3.5
White or ST,Toga Picta,3.5
White or ST,Memento Mori,6.0
White or ST,Interregnum,6.0
Skin,Possessed Staff Pet Skin,0

White or ST,Spirit's Bane,6
White or ST,Bow of the Morning Star,6

White or ST,Leaf Bow,5
White or ST,Elder Heartwood Staff,5.5
White or ST,Wakizashi of Eastern Winds,5.5
White or ST,Labyrinth Dweller's Sheath,5.5
White or ST,Leaf Bow (shiny),11
White or ST,Wakizashi of Eastern Winds (shiny),11
White or ST,Labyrinth Dweller's Sheath (shiny),11
Skin,Woodland Huntress Skin,0
Skin,Blessed Blade Pet Skin,0


UT,Corsair Ring,0
UT,Corsair Ring (shiny),0
Skin,Scallywag Slurp Pet Skin,0

UT,Bramble Bow,0
UT,Cocoon Quiver,0
UT,Cocoon Quiver (shiny),0
UT,Bramble Bow (shiny),0
Skin,Sapling Buddy Pet Skin,0

UT,Poison Fang Dagger,0
UT,Spider Shuriken,0
UT,Spider's Eye Ring,0
UT,Spider's Eye Ring (shiny),0
UT,Spider Shuriken (shiny),0
UT,Poison Fang Dagger (shiny),0
Skin,Eggshell Spider Pet Skin,0

UT,Staff of the Crystal Serpent,0
UT,Cracked Crystal Skull,0
UT,Robe of the Tlatoani,0
UT,Crystal Bone Ring,0
UT,Crystal Bone Ring (shiny),0
UT,Robe of the Tlatoani (shiny),0
UT,Cracked Crystal Skull (shiny),0
UT,Staff of the Crystal Serpent (shiny),0
Skin,Baby Basilisk Pet Skin,0

UT,Orb of Sweet Demise,0
UT,Honey Scepter,0
UT,Honey Scepter (shiny),0
UT,Orb of Sweet Demise (shiny),0

Event White,Barnacle Basher,10
Event White,Yellow Beehemoth Quiver,10
Event White,Red Beehemoth Quiver,10
Event White,Blue Beehemoth Quiver,10
Event White,Cloak of Bloody Surprises,10
Event White,Crystallised Fang's Venom,10
Event White,Dirk of Cronus,10
Event White,Hama Yumi,10
Event White,Helm of the Juggernaut,10
Event White,Jailer's Scythe,10
Event White,Kageboshi,10
Event White,Orb of Conflict,10
Event White,Quiver of Thunder,10
Event White,Ray Katana,10
Event White,Seal of Blasphemous Prayer,10
Event White,Shield of Ogmur,10
Event White,Tablet of the King's Avatar,10
Event White,Token of Warmth,10
Event White,Token of Happiness,10
Event White,Trap of the Vile Spirit,10
Event White,Mighty Stein,10
Event White,Deadly Keg,10
Event White,Greaterhosen,10
Event White,Crystal Sword,10
Event White,Crystal Wand,10

Event White,Crystal Sword (shiny),20
Event White,Quiver of Thunder (shiny),20
Event White,Orb of Conflict (shiny),20
Event White,Dirk of Cronus (shiny),20
Event White,Trap of the Vile Spirit (shiny),20
Event White,Greaterhosen (shiny),20
Event White,Helm of the Juggernaut (shiny),20
Event White,Ray Katana (shiny),20
Event White,Seal of Blasphemous Prayer (shiny),20
Event White,Deadly Keg (shiny),20
Event White,Mighty Stein (shiny),20
Event White,Barnacle Basher (shiny),20
Event White,Jailer's Scythe (shiny),20
Event White,Cloak of Bloody Surprises (shiny),20
Event White,Yellow Beehemoth Quiver (shiny),20
Event White,Red Beehemoth Quiver (shiny),20
Event White,Blue Beehemoth Quiver (shiny),20

Biome White,Adventurer's Scarf,10
Biome White,Torrential Staff,10
Biome White,Celestial Recurve,10
Biome White,Mace of the Pumpkin Effigy,10
Biome White,Pirate's Artillery,10
Biome White,Skull of Restless Souls,10
Biome White,Doom's Emblem,10
Biome White,Cavalry Lance,10
Biome White,Cloak of the Deep,10
Biome White,Evolutionary Records,10
Biome White,Pollen Incendiary,10
Biome White,Bloodbath Blade,10
Biome White,Runes of Knowledge,10

Item,Kendo Stick,0
Event White,Kendo Stick (shiny),100
Event White,Jewel Eye Katana (shiny),100

White or ST,Watarimono,10
White or ST,Kiritsukeru,10
White or ST,Reinforced Root Armor,10
White or ST,Traveler's Trinket,10
White or ST,The Phylactery,10
White or ST,Soul of the Bearer,10
White or ST,Soulless Robe,10
White or ST,Ring of the Covetous Heart,10

White or ST,Mister Mango,4.5
White or ST,Butter Bow,4.5
White or ST,K.I.D.D. Force,4.5
White or ST,Caduceus of Current Craziness,4.5
White or ST,MMace MMurderer,4.5
White or ST,Blade of Ages,4.5
White or ST,Groovy Mango,4.5
White or ST,Baked Bow,4.5
White or ST,Caduceus Of Enlightened Chaos,4.5
White or ST,K.I.D.D. Force 2.0,4.5
White or ST,FFabulous FFlail,4.5
White or ST,Blade of Blooming,4.5
White or ST,Mirror Cloak,4.5
White or ST,Archerang,4.5
White or ST,Spelling Spell,4.5
White or ST,Tome of Moral Support,4.5
White or ST,Challenger Helm,4.5
White or ST,Shield of Pogmur,4.5
White or ST,Seal of Eternal Life,4.5
White or ST,Lightning in a Bottle,4.5
White or ST,Epiphany Skull,4.5
White or ST,Helium Trap,4.5
White or ST,Karma Orb,4.5
White or ST,Fool's Prism,4.5
White or ST,Honey Scepter Supreme,4.5
White or ST,Unshuriken,4.5
White or ST,NSFWakizashi,4.5
White or ST,Sigil of the Rubber Duck,4.5
White or ST,Lullaby,4.5
White or ST,Recursion Mace,4.5
White or ST,Paper Machete,4.5
White or ST,Cheater Light Armor,4.5
White or ST,Cheater Robe,4.5
White or ST,Cheater Heavy Armor,4.5
White or ST,Omni-Impotence Ring,4.5
White or ST,Brilliance Bow,4.5
White or ST,Quintessential Quiver,4.5
White or ST,Luxurious Leather,4.5
White or ST,Regal Ring,4.5
Skin,Toaster Pet Skin,0

White or ST,Sun's Judgement,5.0
White or ST,Fire Blade,5.0
White or ST,Comet of Calamity,5.0
White or ST,Fire Blade (shiny),10

White or ST,Foramite Staff,5.0
White or ST,Acidic Slasher,5.0
White or ST,Corrosion Cutter,5.0
White or ST,Foramite Staff (shiny),10

White or ST,Warlord Wand,5.0
White or ST,Gaseous Glaive,5.0
White or ST,Blazon Bow,5.0
White or ST,Blazon Bow (shiny),10

White or ST,Moonbeam Blade,5.0
White or ST,Dueling Daggers,5.0
White or ST,Snowblind Wand,5.0
White or ST,Dueling Daggers (shiny),10

White or ST,Alien Core Warp,10.0
White or ST,Alien Core Dark Matter,10.0
White or ST,Alien Core Power,10.0
White or ST,Alien Core Corrosion,10.0

White or ST,Piper's Pan Flute,10
White or ST,Mouse Trap,10

White or ST,Mystic Syndicate Attire,7
White or ST,Heavy Syndicate Attire,7
White or ST,Light Syndicate Attire,7
White or ST,Sunken Fire Opal Ring,7
White or ST,Faded Heart Scarab,7
White or ST,Fractured Hannya,7
White or ST,Storied Blades,7
White or ST,Forbidden Artifact,7
White or ST,Sheath of Thunderous Rites,7
White or ST,Storm Caller,7
White or ST,Corsair's Crown Jewel,7
White or ST,Rusted Barrel,7
White or ST,Royal Sekhem,7
White or ST,Frangible Longbow,7
White or ST,Gilded Chain Scythe,7
White or ST,Ritual Khopesh,7
White or ST,Pirate's Sidearms,7
White or ST,Obsidian Macuahuitl,7
White or ST,Mystic Syndicate Attire (shiny),14
White or ST,Heavy Syndicate Attire (shiny),14
White or ST,Light Syndicate Attire (shiny),14

Limited,Unstable Anomaly,6
Limited,Lethargic Sentience,6
Limited,Toy Knife,6
Limited,Barely Attuned Magic Thingy,6
Limited,Precisely Calibrated Stringstick,6
Limited,Random Spell Extraction Device,6
Limited,Krathana,6
Limited,Silex's Hammer,6
Limited,Mimicry Trap,10

Limited,Arctic Bow,6.0
Limited,Freezing Quiver,6.0
Limited,Frimarra,6.0
Limited,Enchanted Ice Shard,6.0
Limited,Ring of the Northern Light,6.0
Limited,Tome of Frigid Protection,6
Limited,Ice Crown,10.0

Limited,Candy Katana,5
Limited,Sleigh Bell Staff,5
Limited,Garland Bow,5
Limited,Evergreen Dagger,5
Limited,Brass Chamberstick,5
Limited,Cheerful Chipper,5
Limited,Candy Katana (shiny),10
Limited,Sleigh Bell Staff (shiny),10
Limited,Garland Bow (shiny),10
Limited,Evergreen Dagger (shiny),10
Limited,Brass Chamberstick (shiny),10
Limited,Cheerful Chipper (shiny),10

Limited,Snow Branch,5
Limited,Snowflake Blade,5
Limited,Frost Storm Bow,5
Limited,Enchanted Ice Blade,5
Limited,Frozen Wand,5

Limited,Splatter-proof Apron,5

Limited,Chicken Leg of Doom,4.5
Limited,Anatis Staff,4.5
Limited,Apocalypse Feather,4.5

Limited,Mantle of the Monarchy (Rehearsal),5.0
Limited,The Forgotten Ring (Rehearsal),5.0
Limited,Royal Guard's Cuirass (Rehearsal),5.0
Limited,Valor (Rehearsal),5.0
Limited,Vanguard's Visage (Rehearsal),5.0
Limited,Sentinel's Sidearm (Rehearsal),5.0
Limited,Bracer of the Guardian (Rehearsal),5.0
Limited,Vest of Abandoned Shadows (Rehearsal),5.0
Limited,Warmonger (Rehearsal),5.0
Limited,Peacekeeper (Rehearsal),5.0
Limited,Noble Mandolin (Rehearsal),5.0
Limited,The Forgotten Crown (Rehearsal),5.0
Limited,The Twilight Gemstone (Rehearsal),5.0
Limited,Polarity Poison (Rehearsal),5.0
Limited,Primal Arcana (Rehearsal),5.0
Limited,Dusky Catalyst (Rehearsal),5.0

Limited,Esoteric Buckler,4.5

Limited,Corrupted Cleaver,0
Limited,Bow of Nightmares,0
Limited,Staff of Horrific Knowledge,0
Limited,Wand of Ancient Terror,0
Limited,Dagger of the Terrible Talon,0
Limited,Skull-Splitter Sword,0

Limited,Heartfind Dagger,0
Limited,Wand of Budding Romance,0
Limited,Cupid's Bow,0
Limited,Vinesword,0
Limited,Staff of Adoration,0
Limited,Diamond-Bladed Katana,0
Limited,Heart Jewel Blades,0
Limited,Morning Star of Sweet Miracles,0
Limited,Anteros Longbow,0
Limited,Lovestruck Yoyo,0
Limited,Love Heart Spellblade,0
Limited,Sweetheart Taichi,0

Limited,Quiver of Dazing Love,5
Limited,Heartstruck Bow,5
Limited,Cupid's Garments,5
Limited,Ring of Unbound Love,5
Limited,Heartseeker Katana,5
Limited,Eternal Star,5
Limited,Chocolate Armor,5
Limited,Sweetener Ring,5
Limited,Ever Green Skull,5
Limited,Floral Corset,5
Limited,Lovebite Armor,5
Limited,Sweetcut Wakizashi,5
Limited,Spring Rose,5
Limited,Rose Brooch,5

Limited,Elderfrost Heirloom,5
Limited,Frozen Whisper,5
Limited,Winter's Dire Kiss,5
Limited,Icebreaker Maul,5
Limited,Frostfall Rod,5

Limited,Perennial Cranium,5.5
Limited,Hanagasaku,5.5
Limited,Perennial Cranium (shiny),11

Limited,Gem of Tenderness,10
Limited,Gem of Adoration,10
Limited,Soulful Affection,10
Limited,Soulful Affection (shiny),20
Limited,Gem of Adoration (shiny),20
Limited,Gem of Tenderness (shiny),20
Limited,Heart of Gold Prism,5

Limited,Solar Flare Igniter,5
Limited,Crest of the Rising Sun,5
Limited,Bloom-Fire Scepter,5
Limited,Ashen Talon Dagger,5
Limited,Sovereign Cinder-Blade,5
Limited,Blade of Eternal Rebirth,5
Limited,Heart of the Eternal Pyre,10
Limited,Flying Eyeball Pet Skin,0
Limited,Corrupted Tinkerer Pet Skin,0

Limited,Prismatic Slasher,5
Limited,Rainbow Rod,5
Limited,Staff of the Saint,5
Limited,Sword of the Rainbow's End,5
Limited,Clover Bow,5
Limited,Katana of Good Fortune,5
Limited,Painbow,5
Limited,Clover Star,5
Limited,Miss Shamrock Wizard Skin,0
Limited,Leprechaun's Walking Hat Pet Skin,0
Limited,Green Hat Bunny Pet Skin,0
Limited,Mini Pot of Gold Pet Skin,0

Limited,Wand of Egg-cellence,0
Limited,Dagger of the Hasteful Rabbit,0
Limited,Incubation Mace,10
Limited,Eggstatic Conductor,5
Limited,Vitamine Buster,5
Limited,Sunny Side Bow,5
Limited,Helm of the Swift Bunny,5
Limited,Botany Book,5
Limited,Sakura Wakizashi,5
Limited,Eggsponential Scepter,5
Limited,Incubation Mace (shiny),20
Limited,Bunny Trickster Skin,0
Limited,Moon Bunny Pet Skin,0

Limited,Bunny Ear Tachi,0
Limited,Caramel Spellblade,0
Limited,Shard Launcher,0
Limited,Egg Basher,0
Limited,Chocolate Ovipositor,0
Limited,Hatchling Blades,0
Limited,Carrotroot Vestments,0
Limited,Eggshell Carapace,0
Limited,Fudgeclad Armor,0

Limited,Eternal Graved Great Sword,5
Limited,Spriteful Shield,5
Limited,Eggre Battle Armor,5
Limited,Tiara of Eggscellent Sturdiness,5
Limited,Spring Wonder Bow,5
Limited,Fresh Breeze Quiver,5
Limited,Painted Eggshell Armor,5
Limited,Painted Egg Amulet,5
Limited,Nutrient Rich Carrot Blade,5
Limited,Carrot Cake Crest,5
Limited,Hardened Carrot Armor,5
Limited,Sun Bathed Straw Hat,5
Limited,Sweet Desire Wand,5
Limited,Chocolate Egg Mace,5
Limited,Chocolate Glazed Robe,5
Limited,Chocolate Bunny Ears,5

Limited,Crystal Key,5
Limited,Keychain Cutlass,10

Limited,Ornaments of Unity,10.0
Limited,Eternal Echo,10
Limited,Eden's Embrace,15
Limited,Nightmatter Circlet,15.0
